Domaine,Metier,Competence,Type_Competence,Indicateurs_Observables,Modalites_Evaluation,Preuves_Attendues,Situations_Professionnelles_Type,Outils_SI_ou_Materiels,Reglementation_ou_Normes,Formation_ou_Activites_Pedago,Mots_Cles
1. CONDUIRE,Conducteur Routier (PL/SPL),Appliquer les principes de conduite rationnelle pour réduire consommation et risques,Technique,"Anticipation, vitesse adaptée, freinage limité, baisse conso mesurable",Mise en situation (simulateur/terrain) + grille observation,Grille observation signée + relevés conso/télématique,Trajet avec contraintes délai + conso,"Télématique, ordinateur de bord",Sécurité routière,TP simulateur + analyse données,"eco-conduite, sécurité, consommation"
1. CONDUIRE,Conducteur Routier (PL/SPL),Réaliser des contrôles de base et identifier des anomalies mécaniques simples,Technique,"Check pneus/niveaux/fuites, signalement cohérent, arrêt si danger",QCM + étude de cas panne + oral,Check-list contrôle + fiche anomalie,Prise de poste et contrôle départ,"Véhicule, check-list",Procédures entreprise,TP contrôle départ,"maintenance 1er niveau, sécurité"
1. CONDUIRE,Conducteur Routier (PL/SPL),Sécuriser le chargement par un arrimage adapté au type de marchandise,Technique,"Sangles/points d’ancrage adaptés, calage, contrôle tension",Mise en situation atelier + audit,Check-list arrimage + photos,Chargement palettes hétérogènes,"Sangles, barres, tapis",Bonnes pratiques arrimage,TP arrimage + RETEX,"arrimage, chargement"
1. CONDUIRE,Conducteur Routier (PL/SPL),Compléter correctement les documents de transport (CMR/e-CMR) et traçabilité,Organisationnelle,"Champs complets, cohérence dates/poids/ADR, traçabilité",Étude de cas + exercice e-CMR,CMR/e-CMR complétée + correction,Enlèvement/livraison multi-clients,"Appli e-CMR, scanner",Convention CMR,TD documentation transport,"CMR, eCMR, traçabilité"
1. CONDUIRE,Conducteur Routier (PL/SPL),Gérer les temps de conduite et repos en conformité RSE,Organisationnelle,"Planning sans infraction, justification aléas, usage tachy correct",Étude de cas + QCM réglementaire,Planning + score QCM + relevé tachy simulé,Tournée longue distance,Chronotachygraphe,RSE,TD réglementation + simulation tournée,"RSE, tachy, conformité"
1. CONDUIRE,Conducteur Routier (PL/SPL),"Respecter un itinéraire et adapter la conduite aux contraintes (gabarit, météo, trafic)",Organisationnelle,"Choix itinéraire justifié, évitement zones interdites, sécurité",Étude de cas + simulation carto,Itinéraire commenté + justification,Livraison zone urbaine/chantier,"GPS pro, carto",Code route + règles locales,Cas pratiques itinéraires,"itinéraire, gabarit, risque"
1. CONDUIRE,Conducteur Routier (PL/SPL),Adopter une communication professionnelle avec clients/quai/exploitation,Comportementale,"Infos factuelles, ton adapté, gestion conflit, traçabilité échanges",Jeu de rôle + observation,Compte-rendu appel + grille soft skills,Retard livraison et client mécontent,"Téléphone, messagerie",Charte relation client,Jeux de rôle + débrief,"relation client, communication"
1. CONDUIRE,Conducteur Routier (PL/SPL),Maintenir vigilance et maîtrise de soi en situation de stress routier,Comportementale,"Réactions mesurées, pauses, pas de prise de risque, lucidité",Entretien structuré + étude de cas,Auto-analyse + plan prévention,Incident route + pression délai,â,Prévention risques routiers,Atelier facteurs humains,"stress, vigilance, sécurité"
1. CONDUIRE,Conducteur Routier (PL/SPL),Assurer la capacité à conduire sur longue durée en gérant fatigue et sédentarité,Physique,"Gestion pauses/étirements, hydratation, prévention TMS",Auto-évaluation guidée + consignes,Plan prévention personnel,Semaine type longue distance,â,Prévention TMS,Module prévention TMS,"fatigue, TMS, sédentarité"
1. CONDUIRE,Conducteur Livreur (VUL),Réaliser une conduite urbaine sûre et fluide en respectant contraintes de livraison,Technique,"Zéro incident, respect zones, manœuvres maîtrisées",Mise en situation + observation,Grille observation,Tournée urbaine dense,VUL,Code route,TP conduite urbaine,"urbain, sécurité, manœuvres"
1. CONDUIRE,Conducteur Livreur (VUL),Utiliser un PDA/scanner pour assurer preuve de livraison et traçabilité,Technique,"Scans corrects, statuts Ã  jour, gestion anomalies",Exercice outil + cas incident,Logs/exports + captures écran,Livraison avec colis manquants/abîmés,"PDA, scanner",Procédures traçabilité,TP SI logistique,"PDA, scan, POD"
1. CONDUIRE,Conducteur Livreur (VUL),Encaisser et gérer les flux de paiement en respectant procédures,Technique,"Encaissements justes, remise conforme, pas d’écart caisse",Mise en situation + QCM procédure,Bordereau remise + contrôle,Livraison contre remboursement,"TPE, appli encaissement",Procédure interne,Cas pratiques encaissement,"encaissement, contrôle"
1. CONDUIRE,Conducteur Livreur (VUL),Charger le véhicule en sécurisant colis et en optimisant l’accessibilité,Technique,"Colis lourds au fond, fragiles protégés, plan de chargement cohérent",Atelier + audit,Photos chargement + check-list,Préparation tournée 60 stops,"Chariot, sangles",Sécurité manutention,TP chargement,"chargement, ergonomie"
1. CONDUIRE,Conducteur Livreur (VUL),"Optimiser une tournée (ordre de livraison, fenêtres horaires, priorités)",Organisationnelle,"Ordre logique, respect créneaux, adaptation aléas",Étude de cas + optimisation sur carte,Plan tournée + KPI (km/temps/retards),Tournée avec retours et urgences,"Outil tournée, carto",Contraintes SLA,TD optimisation tournée,"routing, SLA, priorités"
1. CONDUIRE,Conducteur Livreur (VUL),"Gérer la relation de service client (accueil, explication, réclamation)",Comportementale,"Posture pro, écoute, solution/escale, escalade si besoin",Jeu de rôle + grille,Grille soft skills + compte-rendu,Client refuse colis,â,Charte service,Jeu de rôle,"service client, réclamation"
1. CONDUIRE,Conducteur Livreur (VUL),"Soutenir l’effort physique répété (montées/descentes, port de colis) en sécurité",Physique,"Gestes sûrs, usage aides, pas de mise en danger",Observation + module prévention,Check-list gestes/risques,Tournée immeubles sans ascenseur,"Diable, EPI",Prévention TMS,TP gestes & postures,"port de charges, TMS"
1. CONDUIRE,Ambulancier,Réaliser les gestes et procédures de premiers secours selon AFGSU,Technique,"Gestes corrects, priorisation, hygiène, transmission",Simulation haute fidélité + QCM,Fiche simulation + score QCM,Prise en charge détresse,Matériel médical,AFGSU,TP simulation,"urgence, AFGSU"
1. CONDUIRE,Ambulancier,Conduire de manière souple et sécurisée en situation d’urgence,Technique,"Trajectoires sûres, usage avertisseurs conforme, confort patient",Simulation conduite + observation,Grille observation,Transport urgent,Ambulance,Code route + règles urgence,TP conduite,"urgence, sécurité, confort"
1. CONDUIRE,Ambulancier,Préparer et vérifier le matériel médical avant mission,Organisationnelle,"Check complet, matériel fonctionnel, stocks à jour",Atelier + audit,Check-list + inventaire,Départ intervention,Kit médical,Procédures hygiène,TP préparation,"préparation, hygiène"
1. CONDUIRE,Ambulancier,Transmettre des informations pertinentes au SAMU (C15) et à l’équipe,Organisationnelle,"Transmission structurée, éléments vitaux, traçabilité",Jeu de rôle + grille,Compte-rendu structuré,Appel C15,Radio/téléphone,Protocoles SAMU,Simulations,"transmission, C15"
1. CONDUIRE,Ambulancier,"Adopter empathie, discrétion et sang-froid avec patients et familles",Comportementale,"Posture calme, respect confidentialité, gestion émotion",Jeu de rôle + entretien,Grille soft skills,Annonce situation grave,â,Secret professionnel,Jeux de rôle + débrief,"empathie, discrétion"
1. CONDUIRE,Ambulancier,Assurer la manutention de patients (brancardage) en sécurité,Physique,"Gestes sûrs, coordination binôme, usage matériel",Mise en situation,Grille observation,Montée escaliers,"Brancard, chaise",Prévention TMS,TP brancardage,"brancardage, TMS"
1. CONDUIRE,Convoyeur de fonds / Dabiste,Appliquer les techniques de conduite sécurisée en véhicule blindé,Technique,"Trajets sécurisés, vigilance, procédures respectées",Simulation + étude de cas,Grille procédure,Tournée approvisionnement,Véhicule blindé,Procédures sûreté,Cas sûreté,"convoyage, sûreté"
1. CONDUIRE,Convoyeur de fonds / Dabiste,Mettre en œuvre les règles de sécurité et d’usage des équipements (dont armement si applicable),Technique,"Gestes conformes, respect consignes, aucun écart",QCM + mise en situation encadrée,Attestation + score QCM,Intervention DAB,Équipements sûreté,Règles sûreté,Module sûreté,"procédure, sûreté"
1. CONDUIRE,Convoyeur de fonds / Dabiste,Réaliser une maintenance de premier niveau sur DAB (diagnostic simple),Technique,"Diagnostic basique, actions autorisées, escalade claire",Étude de cas + TP,Fiche intervention,DAB en défaut,Outils de maintenance,Procédures maintenance,TP maintenance,"DAB, maintenance"
1. CONDUIRE,Convoyeur de fonds / Dabiste,Respecter strictement les procédures et gérer l’approvisionnement sans rupture,Organisationnelle,"Zéro écart procédure, traçabilité, planification",Étude de cas,Feuille de tournée + traçabilité,Tournée multi-sites,Logiciel tournée,Procédures internes,TD,"traçabilité, procédure"
1. CONDUIRE,Convoyeur de fonds / Dabiste,"Faire preuve d’intégrité, discrétion et vigilance en permanence",Comportementale,"Pas de divulgation, attitude conforme, alertes pertinentes",Entretien + mises en situation,Grille éthique,Pression externe,â,Déontologie,Cas éthiques,"intégrité, discrétion"
1. CONDUIRE,Convoyeur de fonds / Dabiste,"Soutenir lâeffort et le stress (port, posture, charge mentale)",Physique,"Stabilité émotionnelle, gestes sûrs, endurance",Observation + entretien,Plan prévention,Tournée longue + incidents,EPI,Prévention risques,Atelier facteurs humains,"stress, endurance"
1. CONDUIRE,Batelier - Marinier,Piloter un bateau fluvial en conditions standard en intégrant règles de navigation,Technique,"Tenue de route, manÅuvres, respect signaux",Simulation/étude de cas,Journal de navigation simulé,Passage écluse,Bateau/Simu,Règlement navigation,TP,navigation fluviale
1. CONDUIRE,Batelier - Marinier,Diagnostiquer des pannes simples et réaliser des actions de mécanique navale de base,Technique,"Détection anomalies, actions autorisées, sécurité",Étude de cas + TP,Fiche maintenance,Panne pompe,"Outils, moteur",Procédures maintenance,TP,maintenance navale
1. CONDUIRE,Batelier - Marinier,"Planifier un trajet fluvial (temps, écluses, contraintes) et la vie à bord",Organisationnelle,"Plan réaliste, marges, organisation quart",Étude de cas,Plan de voyage,Trajet multi-écluses,"Cartes, planning",Règles navigation,TD,"planification, autonomie"
1. CONDUIRE,Batelier - Marinier,Travailler en autonomie avec calme et gestion dâespace restreint,Comportementale,"Décisions posées, organisation, communication",Entretien + observation,Journal de bord,Mission longue,â,Prévention risques,Atelier,"autonomie, calme"
1. CONDUIRE,Batelier - Marinier,Maintenir aptitude sensorielle et endurance en environnement confiné,Physique,"Vigilance, gestion fatigue, respect repos",Auto-évaluation + consignes,Plan prévention,Vie à bord prolongée,â,Prévention fatigue,Module,"fatigue, vigilance"
2. MANIPULER,Agent de Quai / Manutentionnaire,"Réaliser filmage, palettisation et manutention avec qualité et sécurité",Technique,"Palette stable, filmage uniforme, absence casse",Mise en situation + audit,Photos + check-list qualité,Préparation expédition,"Filmeuse, transpalette",Sécurité EPI,TP,"palettisation, filmage"
2. MANIPULER,Agent de Quai / Manutentionnaire,Utiliser un transpalette manuel/électrique en respectant sécurité et flux,Technique,"Conduite sûre, respect zones, pas de heurt",Mise en situation,Grille observation,Chargement quai,Transpalette,Règles quai,TP,"transpalette, sécurité"
2. MANIPULER,Agent de Quai / Manutentionnaire,"Lire et exploiter les étiquettes et documents de tri (codes, destinations)",Technique,"Zéro erreur de tri, cohérence scan/étiquette",Exercice tri + QCM,Résultats tri + score,Cross-docking,Scanner,Procédures traçabilité,TP,"tri, étiquetage"
2. MANIPULER,Agent de Quai / Manutentionnaire,Trier les flux en cross-docking en respectant priorités et délais,Organisationnelle,"Temps de passage réduit, respect priorités, pas d’erreur quai",Simulation flux,KPI temps + erreurs,Rush quai,WMS/tri,SLA,Serious game,"cross-docking, délai"
2. MANIPULER,Agent de Quai / Manutentionnaire,"Appliquer les règles de sécurité (EPI, circulation, posture) et maintenir un quai rangé",Organisationnelle,"Port EPI, zones dégagées, rangement conforme",Audit sécurité,Check-list audit,Fin de poste,EPI,Règles sécurité site,Visite sécurité,"sécurité, 5S"
2. MANIPULER,Agent de Quai / Manutentionnaire,Collaborer en équipe et communiquer efficacement en environnement cadencé,Comportementale,"Aide spontanée, consignes claires, pas de conflit",Observation + jeu de rôle,Grille soft skills,Pic d’activité,Talkie-walkie,â,Exercice,"équipe, communication"
2. MANIPULER,Agent de Quai / Manutentionnaire,"Soutenir effort physique (debout, port de charges, gestes répétitifs) en limitant risques",Physique,"Gestes sûrs, pauses, usage aides",Observation,Grille gestes,Poste quai,Aides manutention,Prévention TMS,TP,"port de charges, TMS"
2. MANIPULER,Cariste,Conduire un chariot (CACES 1/3/5) selon consignes et environnement,Technique,"Contrôles pré-op, manœuvres sûres, respect plan circulation",Mise en situation + observation,Grille observation,Réception/stockage,"Chariot, EPI",Règles sécurité,TP,"CACES, conduite"
2. MANIPULER,Cariste,Réaliser un gerbage grande hauteur en sécurité et avec précision,Technique,"Palette stable, hauteur maîtrisée, zéro choc rack",Mise en situation,Grille observation,Stockage,Chariot m,Sécurité entrepôt,TP,"gerbage, hauteur"
2. MANIPULER,Cariste,"Utiliser un WMS embarqué (scan, missions, anomalies) pour assurer traçabilité",Technique,"Missions validées, anomalies traitées, stocks fiables",Exercice WMS + cas,Exports WMS + captures,Réassort,"WMS, PDA",Traçabilité,TP SI,"WMS, traçabilité"
2. MANIPULER,Cariste,"Optimiser le stockage (adressage, densité, rotation) selon règles FIFO/ABC",Organisationnelle,"Choix emplacement justifié, réduction déplacements, respect rotation",Étude de cas + optimisation,Plan dâimplantation + KPI,Réorganisation zone,WMS/Excel,FIFO/ABC,Projet,"implantation, FIFO, ABC"
2. MANIPULER,Cariste,"Effectuer une maintenance de premier niveau (batterie, état fourches, signalement)",Organisationnelle,"Entretien réalisé, anomalies signalées, arrêt si danger",Audit + QCM,Fiche maintenance,Début/fin poste,Chariot,Procédures sécurité,TP,maintenance N1
2. MANIPULER,Cariste,"Faire preuve de prudence, concentration et précision dans un environnement à risque",Comportementale,"Pas de prise de risque, attention constante, gestes maîtrisés",Observation,Grille soft skills,Pic d’activité,â,Culture sécurité,Atelier,"prudence, concentration"
2. MANIPULER,Cariste,"Maintenir aptitude physique (vision relief, résistance vibrations, torsion) et prévenir TMS",Physique,"Postures adaptées, pauses, réglages poste",Auto-évaluation + observation,Plan prévention,Poste chariot,EPI,Prévention TMS,TP,"TMS, ergonomie"
2. MANIPULER,Préparateur de commandes,Utiliser la commande vocale (voice picking) et appliquer les instructions,Technique,"Taux dâerreur faible, confirmations correctes, rythme stable",Mise en situation,KPI erreurs + temps,Prépa multi-lignes,Casque voice,Procédures WMS,TP,voice picking
2. MANIPULER,Préparateur de commandes,"Emballer et protéger les produits selon contraintes (fragile, température, volume)",Technique,"Emballage adapté, pas de casse, conformité",Atelier + audit,Photos + contrôle,Prépa e-commerce,Matériel emballage,Qualité,TP,"packing, qualité"
2. MANIPULER,Préparateur de commandes,Constituer des palettes stables et conformes aux règles de chargement,Technique,"Stabilité, répartition masses, filmage",Mise en situation,Check-list,Expédition palettes,Filmeuse,Sécurité,TP,palettisation
2. MANIPULER,Préparateur de commandes,Respecter les cadences et organiser son circuit de chasse,Organisationnelle,"Parcours optimisé, temps conforme, pas d’oubli",Simulation + chrono,KPI productivité,Prépa vague,WMS,SLA,Serious game,"cadence, picking"
2. MANIPULER,Préparateur de commandes,Assurer une qualité “zéro erreur” par auto-contrôle et traitement anomalies,Organisationnelle,"Taux erreur faible, anomalies escaladées, traçabilité",Audit + cas,Rapport anomalies,Rupture stock,WMS,Procédures qualité,TP,"zéro défaut, qualité"
2. MANIPULER,Préparateur de commandes,"Adopter dynamisme, rigueur et honnêteté (intégrité stock)",Comportementale,"Respect règles, pas d’écarts, posture pro",Entretien + cas,Grille soft skills,Tentations/écarts,â,Éthique,Cas,"intégrité, rigueur"
2. MANIPULER,Préparateur de commandes,Soutenir marche intensive et port de charges en sécurité,Physique,"Gestes sûrs, usage aides, gestion fatigue",Observation,Grille gestes,Prépa journée complète,"Chaussures, EPI",Prévention TMS,TP,"marche, port de charges"
2. MANIPULER,Déménageur,Emballer le mobilier et protéger les objets selon fragilité et valeur,Technique,"Protection adaptée, zéro casse, étiquetage",Atelier,Photos + check-list,Déménagement appartement,"Cartons, couvertures",Qualité,TP,"emballage, fragile"
2. MANIPULER,Déménageur,Monter/démonter des meubles en respectant méthodes et outillage,Technique,"Assemblage correct, pas de perte pièces, sécurité",Mise en situation,Check-list,Démontage lit/armoire,Outillage,Sécurité,TP,"montage, outillage"
2. MANIPULER,Déménageur,"Charger un camion en optimisant volumes, stabilité et accessibilité",Technique,"Répartition masses, calage, optimisation espace",Atelier + audit,Photos chargement,Camion complet,"Sangles, cales",Sécurité,TP,"chargement, calage"
2. MANIPULER,Déménageur,Coordonner une équipe et gérer le temps chez le client,Organisationnelle,"Brief clair, séquencement t respect délai",Jeu de rôle + observation,Plan dâaction,Déménagement avec contraintes,â,â,Exercice,"coordination, timing"
2. MANIPULER,Déménageur,"Adopter politesse, discrétion et soin des biens chez le client",Comportementale,"Respect domicile, communication, attention",Jeu de rôle,Grille soft skills,Client exigeant,â,Charte service,Jeu de rôle,"discrétion, soin, client"
2. MANIPULER,Déménageur,Assumer efforts lourds et gestes répétitifs en sécurité (prévention blessures),Physique,"Gestes sûrs, usage sangles, pas de surcharge",Observation,Grille gestes,Port piano/charges,"Sangles, diable",Prévention TMS,TP,"force, endurance"
3. RÉPARER & ENTRETENIR,Mécanicien Poids Lourds,Réaliser un diagnostic électronique à l’aide d’une valise et interpréter codes défaut,Technique,"Diagnostic cohérent, hypothèses, tests confirmatoires",TP atelier + étude de cas,Rapport diagnostic,Panne freinage ABS,Valise diag,Procédures atelier,TP,"diagnostic, électronique"
3. RÉPARER & ENTRETENIR,Mécanicien Poids Lourds,Intervenir sur systèmes hydraulique/pneumatique en respectant sécurité,Technique,"Intervention correcte, purge, contrôle étanchéité",TP,Fiche intervention,Panne air,Outillage,Consignes sécurité,TP,"hydraulique, pneumatique"
3. RÉPARER & ENTRETENIR,Mécanicien Poids Lourds,Réaliser opérations de maintenance sur moteur/freins selon plan,Technique,"Procédure respectée, couple serrage, essai",TP,Ordre de réparation,Révision,Outillage,Normes constructeur,TP,"freins, maintenance"
3. RÉPARER & ENTRETENIR,Mécanicien Poids Lourds,Planifier les entretiens et organiser les interventions en atelier,Organisationnelle,"Planning réaliste, priorités, disponibilité",Étude de cas,Planning atelier,Flotte 20 PL,GMAO,â,Projet,"planification, GMAO"
3. RÉPARER & ENTRETENIR,Mécanicien Poids Lourds,"Gérer les pièces détachées (commande, stock, traçabilité)",Organisationnelle,"Disponibilité pièces, stock fiable, traçabilité",Cas + exercice,Bon de commande + inventaire,Rupture pièce critique,ERP/GMAO,Procédures achats,TD,"pièces, stock"
3. RÉPARER & ENTRETENIR,Mécanicien Poids Lourds,"Faire preuve d’habileté, autonomie et raisonnement logique en dépannage",Comportementale,"Hypothèses structurées, autonomie, sécurité",Entretien + cas,Arbre de diagnostic,Panne intermittente,â,Culture sécurité,Atelier,"raisonnement, autonomie"
3. RÉPARER & ENTRETENIR,Mécanicien Poids Lourds,"Travailler en conditions physiques contraignantes en sécurité (bruit, postures)",Physique,"EPI, postures, pauses, respect consignes",Observation,Audit EPI,Atelier,EPI,Sécurité au travail,Module,"postures, bruit"
3. RÉPARER & ENTRETENIR,Responsable de Parc,"Gérer une flotte de véhicules (affectation, disponibilité, suivi)",Technique,"Taux dispo, suivi kilométrage, reporting",Étude de cas + projet,Tableau de bord flotte,Flotte multi-sites,Outil flotte/Excel,â,Projet,"fleet, disponibilité"
3. RÉPARER & ENTRETENIR,Responsable de Parc,Assurer le suivi des contrôles techniques et conformité réglementaire,Technique,"Échéances respectées, aucun véhicule non conforme",Audit + cas,Planning échéances,Contrôle technique à venir,Outil flotte,Réglementations,TD,"conformité, CT"
3. RÉPARER & ENTRETENIR,Responsable de Parc,Négocier des contrats de maintenance et piloter prestataires,Technique,"Comparatif offres, clauses, suivi qualité",Étude de cas + négociation,Analyse offres + CR,Renouvellement contrat,â,Droit commercial (bases),Jeu de rôle,"contrat, négociation"
3. RÉPARER & ENTRETENIR,Responsable de Parc,Suivre les coûts d’entretien (TCO) et proposer optimisations,Organisationnelle,"Calcul TCO, analyse dérives, actions",Projet Excel/BI,Dashboard coûts,Budget annuel,Excel/BI,Gestion budgétaire,Projet,"TCO, coûts"
3. RÉPARER & ENTRETENIR,Responsable de Parc,Planifier disponibilité véhicules en lien exploitation,Organisationnelle,"Plan réaliste, arbitrages, communication",Étude de cas,Planning,Pic saisonnier,â,â,TD,"planning, coordination"
3. RÉPARER & ENTRETENIR,Responsable de Parc,Faire preuve de rigueur administrative et sens de la négociation,Comportementale,"Dossiers complets, négociation argumentée",Entretien + cas,Dossier complet,Litige facture,â,â,Exercice,"rigueur, négociation"
3. RÉPARER & ENTRETENIR,Responsable de Parc,Assurer présence terrain et déplacements sur parc en sécurité,Physique,"Respect circulation parc, EPI",Observation,Audit sécurité,Visite parc,EPI,Sécurité site,Visite sécurité,"terrain, EPI"
4. PLANIFIER & COORDONNER,Responsable d'Exploitation,Appliquer la réglementation transport (RSE) dans l’organisation des tournées,Technique,"Plans conformes, contrôles infractions, actions correctives",Étude de cas + QCM,Planning + score,Gestion tournée,TMS,RSE,TD,"exploitation, RSE"
4. PLANIFIER & COORDONNER,Responsable d'Exploitation,"Exploiter un TMS/SAEIV pour planifier, suivre et tracer les opérations",Technique,"Plans optimisés, suivi temps réel, traçabilité",TP outil + cas,Exports TMS + captures,Aléas livraison,TMS/SAEIV,â,TP SI,"TMS, tracking"
4. PLANIFIER & COORDONNER,Responsable d'Exploitation,Calculer la rentabilité d’une tournée/dossier et proposer arbitrages,Technique,"Marge calculée, hypothèses, recommandations",Étude de cas chiffrée,Tableau marge,Dossier Ã  faible marge,Excel,Contrôle de gestion (bases),TD,"rentabilité, marge"
4. PLANIFIER & COORDONNER,Responsable d'Exploitation,"Gérer les aléas en temps réel (panne, retard, client) et replanifier",Organisationnelle,"Décisions rapides, impacts évalués, communication",Simulation crise,CR décisions,Accident + urgence,"TMS, téléphone",Procédures,Serious game,"aléas, replanif"
4. PLANIFIER & COORDONNER,Responsable d'Exploitation,"Manager les conducteurs (brief, suivi, règles, performance)",Organisationnelle,"Brief clair, feedback, suivi KPI",Jeu de rôle + cas,Plan dâanimation,Équipe 30 conducteurs,KPI,Droit du travail (bases),Jeu de rôle,"management, briefing"
4. PLANIFIER & COORDONNER,Responsable d'Exploitation,Faire preuve de leadership et résistance au stress dans la décision,Comportementale,"Décisions assumées, calme, écoute",Entretien + simulation,Grille soft skills,Crise service,â,â,Atelier,"leadership, stress"
4. PLANIFIER & COORDONNER,Responsable d'Exploitation,Assurer disponibilité/astreintes en gérant charge mentale et récupération,Physique,"Organisation repos, prévention épuisement",Entretien,Plan prévention,Astreinte week-end,â,Prévention RPS,Atelier,"astreinte, fatigue"
4. PLANIFIER & COORDONNER,Affréteur,Utiliser une bourse de fret et qualifier une offre/demande,Technique,"Offres pertinentes, critères complets, réactivité",Étude de cas + simulation,Dossier affrètement,Lot spot,Bourse de fret,â,TP,"affrètement, spot"
4. PLANIFIER & COORDONNER,Affréteur,Appliquer Incoterms et bases de droit commercial dans la vente/achat transport,Technique,"Incoterm correct, responsabilités clarifiées",QCM + cas,Correction cas,Export UE,â,Incoterms,TD,"incoterms, droit"
4. PLANIFIER & COORDONNER,Affréteur,Construire et animer un réseau de sous-traitants,Organisationnelle,"Base qualifiée, évaluations, continuité service",Projet,Base sous-traitants,Saisonnalité,CRM/Excel,â,Projet,"réseau, sous-traitance"
4. PLANIFIER & COORDONNER,Affréteur,Suivre la marge par dossier et piloter la profitabilité,Organisationnelle,"Marge calculée, alertes, actions",Étude de cas chiffrée,Tableau marge,Dossier déficitaire,Excel,â,TD,"profitabilité, marge"
4. PLANIFIER & COORDONNER,Affréteur,"Développer ténacité commerciale, persuasion et réactivité",Comportementale,"Argumentaire, relances, gestion objections",Jeu de rôle,Grille soft skills,Négociation prix,Téléphone,â,Jeu de rôle,"commercial, persuasion"
4. PLANIFIER & COORDONNER,Affréteur,Soutenir un travail sédentaire intensif (téléphone/écran) et gérer fatigue,Physique,"Hygiène posture, gestion attention",Auto-évaluation,Plan prévention,Journée appels,â,Ergonomie,Module,"posture, fatigue visuelle"
4. PLANIFIER & COORDONNER,Demand Planner (Prévisionniste),Modéliser statistiquement la demande et choisir un modèle adapté,Technique,"Choix modèle justifié, backtesting, MAPE suivi",Projet data + soutenance,Rapport + fichiers,Série saisonnière,Excel/Python/R,â,Projet data,"forecast, stats"
4. PLANIFIER & COORDONNER,Demand Planner (Prévisionniste),"Maîtriser Excel avancé (TCD, fonctions, VBA si pertinent) pour automatiser analyses",Technique,"Fichiers robustes, automatisations, contrôle erreurs",TP Excel,Fichier Excel annoté,Conso données,Excel/VBA,â,TP,"Excel, VBA"
4. PLANIFIER & COORDONNER,Demand Planner (Prévisionniste),Utiliser un ERP (SAP/APO ou équivalent) pour données prévision/plan,Technique,"Données extraites, cohérence, paramétrage basique",TP outil / cas,Exports ERP,Cycle mensuel,ERP,â,TP,"ERP, SAP"
4. PLANIFIER & COORDONNER,Demand Planner (Prévisionniste),Contribuer au processus S&OP et coordonner ventes/production/logistique,Organisationnelle,"Rituels tenus, inputs complets, décisions tracées",Jeu de rôle S&OP,CR S&OP,Réunion mensuelle,"BI, ERP",S&OP,Serious game,"s&op, coordination"
4. PLANIFIER & COORDONNER,Demand Planner (Prévisionniste),Formuler des recommandations chiffrées et argumentées (force de proposition),Comportementale,"Recommandations claires, impact coût/service",Oral + dossier,Note dâarbitrage,Rupture vs stock,Excel/BI,â,Oral,"analyse, recommandation"
4. PLANIFIER & COORDONNER,Demand Planner (Prévisionniste),Soutenir concentration visuelle et charge cognitive sur écran,Physique,"Gestion pauses, qualité attention",Auto-évaluation,Plan prévention,Travail data,â,Ergonomie,Module,fatigue visuelle
4. PLANIFIER & COORDONNER,Gestionnaire de Stocks,Appliquer les méthodes FIFO/ABC et analyser la rotation des stocks,Technique,"Classement ABC correct, respect FIFO, rotation mesurée",Étude de cas,Analyse rotation,Produit périssable,Excel/WMS,â,TD,"FIFO, ABC"
4. PLANIFIER & COORDONNER,Gestionnaire de Stocks,Réaliser des inventaires (tournants/généraux) et traiter écarts,Technique,"Procédure correcte, écarts analysés, actions",Mise en situation + audit,PV inventaire,Inventaire tournant,WMS,Procédures inventaire,TP,"inventaire, écarts"
4. PLANIFIER & COORDONNER,Gestionnaire de Stocks,"Paramétrer des règles WMS (seuils, emplacements, statuts) niveau utilisateur",Technique,"Paramétrage cohérent, test, documentation",TP WMS,Paramétrage + captures,Réglage réassort,WMS,â,TP,paramétrage WMS
4. PLANIFIER & COORDONNER,Gestionnaire de Stocks,Calculer des seuils de réapprovisionnement et proposer politiques stock,Organisationnelle,"Seuils justifiés, prise en compte délai/service",Étude de cas chiffrée,Calculs + note,Variation demande,Excel,â,TD,"réappro, stock de sécurité"
4. PLANIFIER & COORDONNER,Gestionnaire de Stocks,Optimiser la surface et lâimplantation stockage,Organisationnelle,"Gain espace, réduction déplacements",Projet implantation,Plan + KPI,Réaménagement zone,"Plan, WMS",5S/Lean (bases),Projet,"implantation, surface"
4. PLANIFIER & COORDONNER,Gestionnaire de Stocks,"Faire preuve de méthode, anticipation et sens de l’économie",Comportementale,"Priorités claires, décisions sobres, rigueur",Entretien + cas,Plan dâaction,Budget serré,â,â,Exercice,"méthode, anticipation"
4. PLANIFIER & COORDONNER,Gestionnaire de Stocks,"Assurer déplacements entrepôt en sécurité (circulation, coactivité)",Physique,"Respect règles, vigilance",Observation,Audit sécurité,Visite zones,EPI,Sécurité site,Visite,"coactivité, sécurité"
5. ANALYSER & CONSEILLER,Responsable Douane,Appliquer le Code des douanes (CDU) et déterminer le régime applicable,Technique,"Régime correct, justification, documentation",Étude de cas + QCM,Dossier douane,Import hors UE,â,CDU,TD,"douane, CDU"
5. ANALYSER & CONSEILLER,Responsable Douane,Réaliser un classement tarifaire (SH) et calculer droits/taxes,Technique,"Code SH justifié, calcul correct",Cas chiffré,Fiche classement,Produit complexe,Bases douanières,TARIC (principes),TD,"tarifaire, SH"
5. ANALYSER & CONSEILLER,Responsable Douane,Utiliser les procédures DELTA/OEA et préparer dossiers de conformité,Technique,"Dossiers complets, traçabilité, conformité",TP procédure + cas,Dossier conformité,Audit interne,Outils déclaratifs,DELTA/OEA,TP,"OEA, DELTA"
5. ANALYSER & CONSEILLER,Responsable Douane,Assurer veille réglementaire et gérer contentieux/contrôles,Organisationnelle,"Veille structurée, réponses délais, preuves",Étude de cas,Note de veille,Contrôle douane,â,Réglementation,Projet veille,"veille, contentieux"
5. ANALYSER & CONSEILLER,Responsable Douane,Réaliser des audits de conformité et plans d’actions,Organisationnelle,"Plan audit, constats factuels, actions suivies",Projet,Rapport audit,Audit OEA,Check-lists,OEA,Projet,"audit, conformité"
5. ANALYSER & CONSEILLER,Responsable Douane,"Agir avec intégrité, rigueur administrative et diplomatie",Comportementale,"Dossiers impeccables, échanges apaisés",Entretien + cas,Grille soft skills,Litige,â,Déontologie,Cas,"intégrité, diplomatie"
5. ANALYSER & CONSEILLER,Responsable Douane,"Soutenir un travail de bureau prolongé (organisation, fatigue)",Physique,"Gestion temps, pauses, ergonomie",Auto-évaluation,Plan prévention,Semaine de clôture,â,Ergonomie,Module,"bureau, ergonomie"
5. ANALYSER & CONSEILLER,Consultant Logistique / Ingénieur Méthodes,Analyser des flux et modéliser des processus logistiques,Technique,"Cartographie correcte, goulots identifiés",Étude de cas + projet,VSM/Process map,Entrepôt saturé,Outils mapping,Lean (bases),Projet,"flux, processus"
5. ANALYSER & CONSEILLER,Consultant Logistique / Ingénieur Méthodes,Réaliser une simulation de flux et interpréter résultats,Technique,"Hypothèses claires, résultats interprétés",Projet simulation,Fichier simulation + rapport,Scénarios capacité,Outil simulation/Excel,â,Projet,"simulation, capacité"
5. ANALYSER & CONSEILLER,Consultant Logistique / Ingénieur Méthodes,"Concevoir un design d’entrepôt (zones, capacités, flux)",Technique,"Implantation cohérente, sécurité, KPI",Projet,Plan dâimplantation,Nouveau site,Outils DAO/Excel,ICPE (sensibilisation),Projet,"design, entrepôt"
5. ANALYSER & CONSEILLER,Consultant Logistique / Ingénieur Méthodes,"Piloter un projet (planning, risques, parties prenantes) ",Organisationnelle,"Planning tenu, risques gérés, jalons",Projet + soutenance,Charte projet,WMS change,MS Project/Excel,Gestion de projet,Projet,"project, planning"
5. ANALYSER & CONSEILLER,Consultant Logistique / Ingénieur Méthodes,Rédiger un cahier des charges et calculer un ROI,Organisationnelle,"CDC complet, ROI cohérent, hypothèses",Étude de cas,CDC + ROI,Automatisation,Excel,Finance (bases),TD,"CDC, ROI"
5. ANALYSER & CONSEILLER,Consultant Logistique / Ingénieur Méthodes,Conduire le changement avec pédagogie et logique,Comportementale,"Plan com, écoute, adaptation",Jeu de rôle,Plan changement,Résistance terrain,â,â,Atelier,"change, pédagogie"
5. ANALYSER & CONSEILLER,Consultant Logistique / Ingénieur Méthodes,Gérer alternance sédentarité/déplacements en autonomie,Physique,"Organisation déplacements, fatigue",Auto-évaluation,Plan prévention,Mission client,â,â,Module,"déplacement, autonomie"
5. ANALYSER & CONSEILLER,Responsable QSE (Qualité Sécurité),Appliquer normes ISO pertinentes et construire un système documentaire,Technique,"Procédures cohérentes, traçabilité, audits",Projet,Manuel/process,Certification,Outils QSE,ISO,Projet,"ISO, qualité"
5. ANALYSER & CONSEILLER,Responsable QSE (Qualité Sécurité),Appliquer réglementation TMD (marchandises dangereuses) et mesures de prévention,Technique,"Classement, étiquetage, procédures",Étude de cas + QCM,Dossier TMD,Expédition ADR,â,TMD/ADR (principes),TD,"TMD, ADR"
5. ANALYSER & CONSEILLER,Responsable QSE (Qualité Sécurité),Évaluer risques et tenir à jour le Document Unique,Technique,"DUERP complet, plan actions",Projet,DUERP,Entrepôt,Outils DUERP,DUERP,Projet,"risques, DUERP"
5. ANALYSER & CONSEILLER,Responsable QSE (Qualité Sécurité),"Animer la sécurité (causeries, audits internes, prévention)",Organisationnelle,"Rituels, indicateurs, actions suivies",Mise en situation + audit,Compte-rendu,Animation site,Check-lists,â,Atelier,"animation, sécurité"
5. ANALYSER & CONSEILLER,Responsable QSE (Qualité Sécurité),"Adopter fermeté, pédagogie et sens de l’observation",Comportementale,"Recadrage factuel, écoute, observations pertinentes",Jeu de rôle,Grille soft skills,Écart EPI,â,â,Jeu de rôle,"fermeté, pédagogie"
5. ANALYSER & CONSEILLER,Responsable QSE (Qualité Sécurité),Assurer des déplacements fréquents sur site en sécurité,Physique,"EPI, vigilance coactivité",Observation,Audit,Tournée terrain,EPI,Sécurité,Visite,"terrain, coactivité"
6. NÉGOCIER,Commercial Transport,Construire une offre transport (cotation) et chiffrer un dossier,Technique,"Devis cohérent, marge, contraintes",Étude de cas chiffrée,Devis,Appel dâoffre,CRM/Excel,Incoterms (bases),TD,"cotation, pricing"
6. NÉGOCIER,Commercial Transport,"Utiliser un CRM pour prospecter, suivre pipeline et relances",Technique,"Pipeline à jour, taux relance, qualité données",TP CRM,Exports CRM,Prospection,CRM,â,TP,"CRM, prospection"
6. NÉGOCIER,Commercial Transport,Prospecter et fidéliser un portefeuille (plan d’actions commercial),Organisationnelle,"Plan structuré, objectifs, suivi",Projet,Plan commercial,Trimestre,CRM,â,Projet,"prospection, fidélisation"
6. NÉGOCIER,Commercial Transport,"Répondre à un appel d’offres (lecture, exigences, soutenance)",Organisationnelle,"Conformité dossier, argumentaire, délais",Projet + soutenance,Dossier AO,AO public/privé,Outils bureautiques,â,Projet,"appel dâoffres, soutenance"
6. NÉGOCIER,Commercial Transport,"Développer écoute, persévérance et sens du contact",Comportementale,"Questions pertinentes, gestion objections",Jeu de rôle,Grille soft skills,Négociation,Téléphone,â,Jeu de rôle,"écoute, persuasion"
6. NÉGOCIER,Commercial Transport,Assurer mobilité (permis B) et déplacements clientèle en sécurité,Physique,"Organisation trajets, sécurité",Auto-évaluation,Plan déplacements,Visites clients,Véhicule,Sécurité routière,Module,"déplacements, sécurité"
6. NÉGOCIER,Agent Maritime (Consignataire),Appliquer réglementation maritime et gérer formalités d’escale,Technique,"Dossier escale complet, conformité",Étude de cas,Dossier escale,Arrivée navire,Outils portuaires,Règles portuaires,TD,"consignation, escale"
6. NÉGOCIER,Agent Maritime (Consignataire),Communiquer en anglais technique maritime (écrit/oral),Technique,"Messages clairs, vocabulaire, compréhension",Oral + écrit,Email type + simulation appel,Coordination port,Email/téléphone,â,Atelier,"anglais, maritime"
6. NÉGOCIER,Agent Maritime (Consignataire),Coordonner opérations portuaires avec multiples acteurs,Organisationnelle,"Planning synchronisé, incidents gérés",Simulation,CR coordination,Escale complexe,Outils planning,Autorités portuaires,Serious game,"coordination, port"
6. NÉGOCIER,Agent Maritime (Consignataire),Gérer relations autorités portuaires avec disponibilité et réactivité,Comportementale,"Réponses rapides, diplomatie, fiabilité",Jeu de rôle,Grille soft skills,Contrôle,â,â,Jeu de rôle,"réactivité, diplomatie"
6. NÉGOCIER,Agent Maritime (Consignataire),S’adapter à horaires décalés et charge de travail variable,Physique,"Gestion repos, organisation",Auto-évaluation,Plan prévention,Arrivées nocturnes,â,Prévention fatigue,Module,"horaires, fatigue"
7. ENCADRER & DIRIGER,Supply Chain Manager,Construire une stratégie S&OP et aligner objectifs service/coût/cash,Technique,"Stratégie formalisée, arbitrages, KPI",Projet + soutenance,Note stratégique,Entreprise multi-sites,BI/ERP,Gouvernance S&OP,Projet,"stratégie, S&OP"
7. ENCADRER & DIRIGER,Supply Chain Manager,"Piloter la performance financière supply (budget, coûts, stocks)",Technique,"Budget, analyses écarts, actions",Étude de cas chiffrée,Dashboard finance,Revue mensuelle,BI/Excel,Contrôle de gestion,TD,"finance, pilotage"
7. ENCADRER & DIRIGER,Supply Chain Manager,Maîtriser les SI (ERP/WMS) pour piloter flux et données,Technique,"Données fiables, indicateurs, gouvernance",Projet data,Data dictionary,Qualité données,ERP/WMS,â,Projet,"data, SI"
7. ENCADRER & DIRIGER,Supply Chain Manager,Piloter transversalement et manager des managers (gouvernance),Organisationnelle,"Rituels, décisions, alignement",Jeu de rôle comité,CR comité,Comité direction supply,Outils management,â,Simulation,"gouvernance, transversal"
7. ENCADRER & DIRIGER,Supply Chain Manager,Mettre en œuvre Lean Management (amélioration continue),Organisationnelle,"Chantiers, gains, standardisation",Projet,A3/Kaizen,Réduction lead time,Outils Lean,Lean,Projet,"lean, kaizen"
7. ENCADRER & DIRIGER,Supply Chain Manager,"Développer vision stratégique, leadership et capacité à fédérer",Comportementale,"Vision claire, mobilisation, communication",Soutenance + entretien,Pitch vision,Transformation,â,â,Atelier,"leadership, vision"
7. ENCADRER & DIRIGER,Supply Chain Manager,Gérer stress et déplacements liés aux enjeux,Physique,"Gestion charge, organisation",Auto-évaluation,Plan prévention,Déplacements sites,â,Prévention RPS,Module,"stress, déplacements"
7. ENCADRER & DIRIGER,Responsable d'Entrepôt,"Piloter la production logistique (réception, stockage, préparation, expédition)",Technique,"KPI tenue, organisation, qualité",Étude de cas + projet,Tableau de bord,Pic saison,WMS,â,Projet,"pilotage, entrepôt"
7. ENCADRER & DIRIGER,Responsable d'Entrepôt,Appliquer sécurité et contraintes ICPE si applicable,Technique,"Conformité, plans prévention, audits",Étude de cas,Plan sécurité,Site classé,Docs sécurité,ICPE (sensibilisation),TD,"ICPE, sécurité"
7. ENCADRER & DIRIGER,Responsable d'Entrepôt,"Appliquer bases du droit du travail (temps, discipline, IRP) ",Technique,"Décisions conformes, traçabilité",QCM + cas,Note RH,Conflit planning,â,Droit du travail,TD,"RH, droit"
7. ENCADRER & DIRIGER,Responsable d'Entrepôt,Dimensionner équipes et planifier les ressources,Organisationnelle,"Capacité calculée, planning, polyvalence",Étude de cas,Plan effectifs,Semaine haute,Excel,â,TD,"dimensionnement, planning"
7. ENCADRER & DIRIGER,Responsable d'Entrepôt,"Piloter KPI et animer routines terrain (QRQC, brief)",Organisationnelle,"Rituels, actions, amélioration KPI",Mise en situation,CR routine,Brief matin,Tableaux,Lean (bases),Atelier,"KPI, routine"
7. ENCADRER & DIRIGER,Responsable d'Entrepôt,Gérer relations IRP et communication interne,Organisationnelle,"Communication structurée, respect cadre",Jeu de rôle,CR réunion,Réunion IRP,â,Cadre social,Jeu de rôle,"IRP, social"
7. ENCADRER & DIRIGER,Responsable d'Entrepôt,"Incarner exemplarité, charisme et fermeté",Comportementale,"Recadrages factuels, justice, cohérence",Jeu de rôle + entretien,Grille soft skills,Écart sécurité,â,â,Atelier,"exemplarité, fermeté"
7. ENCADRER & DIRIGER,Responsable d'Entrepôt,Soutenir endurance terrain et horaires étendus,Physique,"Gestion fatigue, organisation",Auto-évaluation,Plan prévention,Semaine pic,â,Prévention fatigue,Module,"endurance, horaires"
7. ENCADRER & DIRIGER,Responsable d'Agence Transport,Piloter un centre de profit (P&L) et analyser rentabilité,Technique,"Lecture P&L, actions marge, budget",Étude de cas chiffrée,Analyse P&L,Agence déficitaire,Excel/BI,Contrôle de gestion,TD,"P&L, rentabilité"
7. ENCADRER & DIRIGER,Responsable d'Agence Transport,"Développer commercialement l’agence (plan d’action, offres)",Technique,"Plan commercial, pipeline, résultats",Projet,Plan action,Développement zone,CRM,â,Projet,"développement, commercial"
7. ENCADRER & DIRIGER,Responsable d'Agence Transport,Piloter opérations et superviser exploitation au quotidien,Organisationnelle,"Service tenu, aléas gérés, coordination",Simulation,CR,Crise capacité,TMS,â,Serious game,"supervision, opérations"
7. ENCADRER & DIRIGER,Responsable d'Agence Transport,"Piloter RH (recrutement, intégration, discipline, compétences)",Organisationnelle,"Process RH, intégration, suivi",Étude de cas,Parcours intégration,Turnover,Outils RH,Droit du travail (bases),TD,"RH, compétences"
7. ENCADRER & DIRIGER,Responsable d'Agence Transport,"Développer esprit entrepreneurial, polyvalence et sens politique",Comportementale,"Initiatives, arbitrages, gestion parties prenantes",Entretien + cas,Note décision,Conflit interne,â,â,Atelier,"entrepreneurial, stakeholders"
7. ENCADRER & DIRIGER,Responsable d'Agence Transport,Assurer disponibilité importante en gérant charge et équilibre,Physique,"Organisation, prévention épuisement",Auto-évaluation,Plan prévention,Semaine dense,â,Prévention RPS,Module,"disponibilité, stress"
7. ENCADRER & DIRIGER,Logisticien Humanitaire,"Organiser une logistique d’urgence (appro, distribution, priorités)",Technique,"Priorisation, continuité, traçabilité",Simulation crise,Plan logistique,Catastrophe,Outils terrain,Standards humanitaires (sensibilisation),Serious game,"urgence, humanitaire"
7. ENCADRER & DIRIGER,Logisticien Humanitaire,"Gérer une flotte et des ressources dégradées (maintenance, carburant)",Technique,"Plan maintenance, suivi conso, arbitrages",Étude de cas,Tableau flotte,Zone isolée,Excel,â,Projet,"flotte, terrain"
7. ENCADRER & DIRIGER,Logisticien Humanitaire,Réaliser des achats en contexte de crise et sécuriser la chaîne,Technique,"Achats traçables, délais, contrôle",Étude de cas,Dossier achat,Pénurie,Docs achats,Procédures ONG (sensibilisation),TD,"achats, crise"
7. ENCADRER & DIRIGER,Logisticien Humanitaire,Coordonner multisite et travailler en système D (débrouillardise),Organisationnelle,"Solutions pragmatiques, coordination, reporting",Simulation,CR situation,Multi-camps,Radio/messagerie,â,Serious game,"système D, coordination"
7. ENCADRER & DIRIGER,Logisticien Humanitaire,"Faire preuve d’adaptabilité, altruisme et solidité psychologique",Comportementale,"Comportement stable, coopération, gestion émotion",Entretien + mise en situation,Grille soft skills,Contexte tendu,â,â,Atelier,"adaptabilité, résilience"
7. ENCADRER & DIRIGER,Logisticien Humanitaire,Tenir dans des conditions de vie difficiles (terrain) en sécurité,Physique,"Hygiène, gestion fatigue, sécurité",Auto-évaluation,Plan prévention,Camp isolé,EPI,Prévention santé,Module,"terrain, endurance"
